
{
  "definitions": {},
  "info": {
    "title": "API REST Weall Documentation",
    "version": "1.4.2",
    "license": {
      "name": "ISC"
    },
    "description": "API REST pour gérer l'application weall"
  },
  "basePath": "/api/v1",
  "host": "https://weallbackend.herokuapp.com",
  "components": {
    "securitySchemes": {
      "BearerAuth": {
        "type": "http",
        "scheme": "bearer",
		"bearerFormat": "JWT"
      }
    }
  },
"security": [
    {
      "bearerAuth": []
    }
  ],
  "tags": [
  {
      "name": "Test",
      "description": "methode de test de la connexion a l'api"
    },
	{
      "name": "Connexion",
      "description": "méthode de connexion et récupération d'un token de connexion"
    },
	    {
      "name": "Chat",
      "description": "methode de gestion du chat fonction avec socket io coté serveur"
    },
	{
      "name": "Infos Offre",
      "description": "méthode de récupération des informations de l'offre"
    },
	{
      "name": "Infos Postulant",
      "description": "méthode de récupération des informations postulants"
    }
  ],
  "paths": {
    "/coucou": {
      "get": {
        "summary": "test de connexion a l'api sans token de connexion",
        "consumes": [
          "application/json"
        ],
        "parameters": [],
        "tags": ["Test"],
		"security" : [],
		"responses":{
	"200": {
      "description": "OK"
    }
      }
	  }
    },
    "/coucouMoi": {
      "get": {
        "summary": "test de connexion a l'api avec token de connexion",
        "consumes": [
          "application/json"
        ],
        "parameters": [],
        "responses": {},
        "tags": ["Test"]
      }
    },
    "/competence/postulant/{id}": {
      "get": {
        "summary": "récupération des compétences du postulant renseigné",
        "consumes": [
          "application/json"
        ],
        "parameters": [
          {
            "name": "id",
            "in": "path",
            "required": true
          }
        ],
        "responses":{
	"200": {
      "description": "OK (successfully authenticated)"
    },
	"400": {
      "description": "Token invalide"
    }
	},
        "tags": ["Compétence","Infos Postulant"]
      }
    },
    "/entreprise/{id}": {
      "get": {
        "summary": "récupération des informations personelles de l'entreprise renseigné",
        "consumes": [
          "application/json"
        ],
        "parameters": [
          {
            "name": "id",
            "in": "path",
            "required": true
          }
        ],
        "responses":{
	"200": {
      "description": "OK (successfully authenticated)"
    },
	"400": {
      "description": "Token invalide"
    }
	},
        "tags": ["Entreprise","Infos Offre"]
      }
    },
    "/entreprise/user/{id}": {
      "get": {
        "summary": "récupération des informations personelles de l'utilisateur(entreprise) renseigné",
        "consumes": [
          "application/json"
        ],
        "parameters": [
          {
            "name": "id",
            "in": "path",
            "required": true
          }
        ],
        "responses":{
	"200": {
      "description": "OK (successfully authenticated)"
    },
	"400": {
      "description": "Token invalide"
    }
	},
        "tags": ["Entreprise","Infos Offre"]
      }
    },
    "/formation/postulant/{id}": {
      "get": {
        "summary": "récupération des formations du postulant renseigné",
        "consumes": [
          "application/json"
        ],
        "parameters": [
          {
            "name": "id",
            "in": "path",
            "required": true
          }
        ],
        "responses":{
	"200": {
      "description": "OK (successfully authenticated)"
    },
	"400": {
      "description": "Token invalide"
    }
	},
        "tags": ["Formation","Infos Postulant"]
      }
	},
    "/langue/postulant/{id}": {
      "get": {
        "summary": "récupération des langues du postulant renseigné",
        "consumes": [
          "application/json"
        ],
        "parameters": [
          {
            "name": "id",
            "in": "path",
            "required": true
          }
        ],
       "responses":{
	"200": {
      "description": "OK (successfully authenticated)"
    },
	"400": {
      "description": "Token invalide"
    }
	},
        "tags": ["Langue","Infos Postulant"]
      }
    },
    "/langue/sejours/{id_postulant}/": {
      "get": {
        "summary": "récupération des séjours et experiences linguistique du postulant renseigné",
        "consumes": [
          "application/json"
        ],
        "parameters": [
          {
            "name": "id_postulant",
            "in": "path",
            "required": true
          }
        ],
        "responses":{
	"200": {
      "description": "OK (successfully authenticated)"
    },
	"400": {
      "description": "Token invalide"
    }
	},
        "tags": ["Langue","Infos Postulant"]
      }
    },
    "/offre/{id}": {
      "get": {
        "summary": "récupération des informations de l'offre renseigné",
        "consumes": [
          "application/json"
        ],
        "parameters": [
          {
            "name": "id",
            "in": "path",
            "required": true
          }
        ],
        "responses":{
	"200": {
      "description": "OK (successfully authenticated)"
    },
	"400": {
      "description": "Token invalide"
    }
	},
        "tags": ["Offre","Infos Offre"]
      }
    },
    "/postulant/{id}": {
      "get": {
        "summary": "récupération des informations personelles du postulant renseigné",
        "consumes": [
          "application/json"
        ],
        "parameters": [
          {
            "name": "id",
            "in": "path",
            "required": true
          }
        ],
        "responses":{
	"200": {
      "description": "OK (successfully authenticated)"
    },
	"400": {
      "description": "Token invalide"
    }
	},
        "tags": ["Postulant","Infos Postulant"]
      }
	},
    "/postulant/user/{id}": {
      "get": {
        "summary": "récupération des informations personelles de l'utilisateur(postulant) renseigné",
        "consumes": [
          "application/json"
        ],
        "parameters": [
          {
            "name": "id",
            "in": "path",
            "required": true
          }
        ],
        "responses":{
	"200": {
      "description": "OK (successfully authenticated)"
    },
	"400": {
      "description": "Token invalide"
    }
	},
        "tags": ["Postulant","Infos Postulant"]
      }
    },
    "/softskill/postulant/{id}": {
      "get": {
        "summary": "récupération des softskills du postulant renseigné",
        "consumes": [
          "application/json"
        ],
        "parameters": [
          {
            "name": "id",
            "in": "path",
            "required": true
          }
        ],
        "responses":{
	"200": {
      "description": "OK (successfully authenticated)"
    },
	"400": {
      "description": "Token invalide"
    }
	},
        "tags": ["Softskill","Infos Postulant"]
      }
	},
    "/user/login": {
      "post": {
        "summary": "connexion",
        "consumes": [
          "application/json"
        ],
		"security" : [],
        "parameters": [
    {
      "in": "body",
      "name": "email",
      "required": true,
      "schema": {
        "type": "string"
      }
    },
	{
      "in": "body",
      "name": "password",
      "required": true,
      "schema": {
        "type": "string"
      }
    }
  ],
        "responses":{
	"200": {
      "description": "OK (successfully authenticated)"
    },
	"400": {
      "description": "Token invalide"
    }
	},
        "tags": ["User","Connexion"]
      }
    },
    "/experience/postulant/{id}": {
      "get": {
        "summary": "récupération des expériences professionnelles du postulant renseigné",
        "consumes": [
          "application/json"
        ],
        "parameters": [
          {
            "name": "id",
            "in": "path",
            "required": true
          }
        ],
        "responses":{
	"200": {
      "description": "OK (successfully authenticated)"
    },
	"400": {
      "description": "Token invalide"
    }
	},
        "tags": ["Experience","Infos Postulant"]
      }
    },
    "/chat/myHistoric": {
      "get": {
        "summary": "récupération de toutes les conversations de l'utilisateur grace au token de connexion",
        "consumes": [
          "application/json"
        ],
        "parameters": [],
        "responses":{
	"200": {
      "description": "OK (successfully authenticated)"
    },
	"400": {
      "description": "Token invalide"
    }
	},
        "tags": ["Chat"]
      }
    },
    "/chat/{id}": {
      "get": {
        "summary": "récupération de toutes les message de la convestion de l'utilisateur grace au token de connexion et de l'utilisateur avec l'id renseigner",
        "consumes": [
          "application/json"
        ],
        "parameters": [
          {
            "name": "id",
            "in": "path",
            "required": true
          }
        ],
        "responses":{
	"200": {
      "description": "OK (successfully authenticated)"
    },
	"400": {
      "description": "Token invalide"
    }
	},
        "tags": ["Chat"]
      }
    },
    "/chat/last_visit": {
      "post": {
        "summary": "met a jour la dernière visite de la convesation",
        "consumes": [
          "application/json"
        ],
        "parameters": [],
        "responses":{
	"200": {
      "description": "OK (successfully authenticated)"
    },
	"400": {
      "description": "Token invalide"
    }
	},
        "tags": ["Chat"]
      }
    },
	"/chat/question": {
      "get": {
        "summary": "récupère toutes les question de l'utilisateur garce au token d'authentifiaction",
        "consumes": [
          "application/json"
        ],
        "parameters": [],
        "responses":{
	"200": {
      "description": "OK (successfully authenticated)"
    },
	"400": {
      "description": "Token invalide"
    }
	},
        "tags": ["Chat"]
      },
	  "post": {
        "summary": "Insère une nouvelle question à l'utilisateur",
        "consumes": [
          "application/json"
        ],
        "parameters": [
    {
      "in": "body",
      "name": "question",
      "required": true,
      "schema": {
        "type": "string"
      }
    }
  ],
        "responses":{
	"200": {
      "description": "OK (successfully authenticated)"
    },
	"400": {
      "description": "Token invalide"
    }
	},
        "tags": ["Chat"]
      }
    },
	"/chat/question/{id}": {
      "put": {
        "summary": "modifie la question définis",
        "consumes": [
          "application/json"
        ],
        "parameters": [
          {
            "name": "id",
            "in": "path",
            "required": true
          },
      {
      "in": "body",
      "name": "question",
      "required": true,
      "schema": {
        "type": "string"
      }
    }
        ],
        "responses":{
	"200": {
      "description": "OK (successfully authenticated)"
    },
	"400": {
      "description": "Token invalide"
    }
	},
        "tags": ["Chat"]
      },
	  "delete": {
        "summary": "supprime la question définis",
        "consumes": [
          "application/json"
        ],
        "parameters": [
          {
            "name": "id",
            "in": "path",
            "required": true
          }
        ],
        "responses":{
	"200": {
      "description": "OK (successfully authenticated)"
    },
	"400": {
      "description": "Token invalide"
    }
	},
        "tags": ["Chat"]
      }
    },
	"/chat/reponse": {
      "post": {
        "summary": "envoi la reponse a la question posé",
        "consumes": [
          "application/json"
        ],
        "parameters": [
    {
      "in": "body",
      "name": "reponse",
      "required": true,
      "schema": {
        "type": "string"
      }
    },
	{
      "in": "body",
      "name": "questionId",
      "required": true,
      "schema": {
        "type": "integer"
      }
    },
	{
      "in": "body",
      "name": "user",
      "required": true,
      "schema": {
        "type": "integer"
      }
    }
  ],
        "responses":{
	"200": {
      "description": "OK (successfully authenticated)"
    },
	"400": {
      "description": "Token invalide"
    }
	},
        "tags": ["Chat"]
      }
    },
	"/chat/reponse/{id}": {
      "get": {
        "summary": "récupère les réponses des question de l'utilisateur définis",
        "consumes": [
          "application/json"
        ],
        "parameters": [],
        "responses":{
	"200": {
      "description": "OK (successfully authenticated)"
    },
	"400": {
      "description": "Token invalide"
    }
	},
        "tags": ["Chat"]
      }
    },
    "/files/upload/temp": {
      "post": {
        "summary": "/files/upload/temp",
        "consumes": [
          "application/json"
        ],
        "parameters": [],
        "responses":{
	"200": {
      "description": "OK (successfully authenticated)"
    },
	"400": {
      "description": "Token invalide"
    }
	},
        "tags": ["file"]
      }
    },
    "/files/upload/profil_image": {
      "post": {
        "summary": "/files/upload/profil_image",
        "consumes": [
          "application/json"
        ],
        "parameters": [],
        "responses":{
	"200": {
      "description": "OK (successfully authenticated)"
    },
	"400": {
      "description": "Token invalide"
    }
	},
        "tags": ["file"]
      }
    }
  },
  "swagger": "2.0"
}